[
    {
       "id":1,
       "name":"Barcelona"
    },
    {
       "id":2,
       "name":"Amsterdam"
    },
    {
       "id":3,
       "name":"Seville"
    },
    {
       "id":4,
       "name":"London"
    },
    {
       "id":5,
       "name":"London"
    },
    {
       "id":6,
       "name":"Palma de Mallorca"
    },
    {
       "id":7,
       "name":"Dusseldorf"
    },
    {
       "id":8,
       "name":"Barcelona"
    },
    {
       "id":9,
       "name":"Dusseldorf"
    },
    {
       "id":10,
       "name":"Edimburg"
    }
 ]